"Station Name","ST. JOHN'S INTL A"
"Province","NEWFOUNDLAND"
"Latitude","47.62"
"Longitude","-52.75"
"Elevation","140.50"
"Climate Identifier","8403505"
"WMO Identifier","71801"
"TC Identifier","YYT"

"Legend"
"A","Accumulated"
"C","Precipitation occurred, amount uncertain"
"E","Estimated"
"F","Accumulated and estimated"
"L","Precipitation may or may not have occurred"
"M","Missing"
"N","Temperature missing but known to be > 0"
"S","More than one occurrence"
"T","Trace"
"Y","Temperature missing but known to be < 0"
"[empty]","No data available"
"^","The value displayed is based on incomplete data"
"","Data for this day has undergone only preliminary quality checking"
"","Partner data that is not subject to review by the National Climate Archives"

"Date/Time","Year","Month","Day","Data Quality","Max Temp (°C)","Max Temp Flag","Min Temp (°C)","Min Temp Flag","Mean Temp (°C)","Mean Temp Flag","Heat Deg Days (°C)","Heat Deg Days Flag","Cool Deg Days (°C)","Cool Deg Days Flag","Total Rain (mm)","Total Rain Flag","Total Snow (cm)","Total Snow Flag","Total Precip (mm)","Total Precip Flag","Snow on Grnd (cm)","Snow on Grnd Flag","Dir of Max Gust (10s deg)","Dir of Max Gust Flag","Spd of Max Gust (km/h)","Spd of Max Gust Flag"
"2015-01-01","2015","01","01","","-3.7","","-13.9","","-8.8","","26.8","","0.0","","0.0","","0.0","T","0.0","T","5","","29","","39",""
"2015-01-02","2015","01","02","","0.2","","-5.5","","-2.7","","20.7","","0.0","","0.6","","2.6","","2.0","","4","","26","","76",""
"2015-01-03","2015","01","03","","-4.1","","-14.0","","-9.1","","27.1","","0.0","","0.0","","0.4","","0.4","","6","","29","","78",""
"2015-01-04","2015","01","04","","-1.5","","-14.4","","-8.0","","26.0","","0.0","","0.0","","9.4","","9.4","","6","","29","","80",""
"2015-01-05","2015","01","05","","9.4","","-2.9","","3.3","","14.7","","0.0","","10.8","","0.4","","11.0","","14","","24","","91",""
"2015-01-06","2015","01","06","","-3.0","","-8.8","","-5.9","","23.9","","0.0","","0.0","","0.6","","0.0","T","4","","27","","95",""
"2015-01-07","2015","01","07","","-6.4","","-8.7","","-7.6","","25.6","","0.0","","0.0","","3.2","","0.8","","2","","","","<31",""
"2015-01-08","2015","01","08","","-6.8","","-12.8","","-9.8","","27.8","","0.0","","0.0","","24.2","","20.2","","9","","29","","59",""
"2015-01-09","2015","01","09","","2.5","","-15.3","","-6.4","","24.4","","0.0","","0.0","","0.0","T","0.0","T","29","","17","","102",""
"2015-01-10","2015","01","10","","3.6","","-7.9","","-2.2","","20.2","","0.0","","7.2","","10.0","","12.0","","14","","20","","106",""
"2015-01-11","2015","01","11","","-7.1","","-12.2","","-9.7","","27.7","","0.0","","0.0","","3.4","","2.6","","18","","29","","65",""
"2015-01-12","2015","01","12","","0.5","","-9.9","","-4.7","","22.7","","0.0","","0.0","","7.6","","7.6","","19","","20","","48",""
"2015-01-13","2015","01","13","","0.7","","-15.2","","-7.3","","25.3","","0.0","","1.2","","5.4","","4.0","","24","","34","","52",""
"2015-01-14","2015","01","14","","-5.6","","-15.3","","-10.5","","28.5","","0.0","","0.0","","0.0","T","0.0","T","25","","28","","57",""
"2015-01-15","2015","01","15","","-2.3","","-6.6","","-4.5","","22.5","","0.0","","","M","3.8","","3.8","","24","","6","","43",""
"2015-01-16","2015","01","16","","1.7","","-3.2","","-0.8","","18.8","","0.0","","1.6","","2.4","","2.6","","25","","14","","61",""
"2015-01-17","2015","01","17","","1.1","","-11.3","","-5.1","","23.1","","0.0","","0.0","","12.0","","5.6","","18","","28","","83",""
"2015-01-18","2015","01","18","","-4.6","","-12.0","","-8.3","","26.3","","0.0","","0.0","","0.0","","0.0","","28","","28","","72",""
"2015-01-19","2015","01","19","","3.8","","-8.1","","-2.2","","20.2","","0.0","","22.8","","0.0","","22.8","","28","","15","","52",""
"2015-01-20","2015","01","20","","6.3","","1.6","","4.0","","14.0","","0.0","","1.2","","0.0","","1.2","","14","","23","","74",""
"2015-01-21","2015","01","21","","2.4","","-7.2","","-2.4","","20.4","","0.0","","0.0","","0.0","T","0.0","T","7","","22","","69",""
"2015-01-22","2015","01","22","","-2.5","","-7.7","","-5.1","","23.1","","0.0","","0.0","","3.6","","2.2","","6","","10","","63",""
"2015-01-23","2015","01","23","","1.3","","-9.0","","-3.9","","21.9","","0.0","","0.8","","10.0","","7.0","","15","","32","","72",""
"2015-01-24","2015","01","24","","0.9","","-9.4","","-4.3","","22.3","","0.0","","0.2","","0.4","","0.6","","17","","17","","54",""
"2015-01-25","2015","01","25","","8.9","","0.2","","4.6","","13.4","","0.0","","27.0","","0.0","T","27.0","","12","","19","","111",""
"2015-01-26","2015","01","26","","1.8","","-7.8","","-3.0","","21.0","","0.0","","0.0","","0.0","T","0.0","T","6","","24","","89",""
"2015-01-27","2015","01","27","","-0.3","","-10.1","","-5.2","","23.2","","0.0","","7.0","","3.0","","12.6","","6","","9","","67",""
"2015-01-28","2015","01","28","","10.0","","-0.3","","4.9","","13.1","","0.0","","10.6","","0.0","","10.6","","6","","24","","44",""
"2015-01-29","2015","01","29","","5.4","","-4.0","","0.7","","17.3","","0.0","","0.4","","0.6","","0.6","","2","","26","","61",""
"2015-01-30","2015","01","30","","0.2","","-3.8","","-1.8","","19.8","","0.0","","8.8","","1.4","","9.6","","3","","28","","61",""
"2015-01-31","2015","01","31","","-0.6","","-3.6","","-2.1","","20.1","","0.0","","0.4","","0.0","","0.4","","2","","12","","52",""
"2015-02-01","2015","02","01","","7.1","","-4.4","","1.4","","16.6","","0.0","","1.8","","0.4","","2.0","","1","","26","","72",""
"2015-02-02","2015","02","02","","-4.5","","-8.2","","-6.4","","24.4","","0.0","","0.0","","1.4","","0.8","","2","","26","","85",""
"2015-02-03","2015","02","03","","6.5","","-8.2","","-0.9","","18.9","","0.0","","18.6","","0.8","","19.8","","3","","17","","109",""
"2015-02-04","2015","02","04","","-6.5","","-11.9","","-9.2","","27.2","","0.0","","0.0","","0.0","","0.0","","0","","29","","56",""
"2015-02-05","2015","02","05","","0.4","","-13.2","","-6.4","","24.4","","0.0","","","M","0.2","","","M","0","","17","","96",""
"2015-02-06","2015","02","06","","4.9","","-6.6","","-0.9","","18.9","","0.0","","12.2","","0.0","","12.2","","0","","18","","113",""
"2015-02-07","2015","02","07","","-4.4","","-9.6","","-7.0","","25.0","","0.0","","0.0","","0.6","","0.2","","0","","28","","54",""
"2015-02-08","2015","02","08","","-2.6","","-13.4","","-8.0","","26.0","","0.0","","0.0","","0.8","","0.2","","2","","24","","52",""
"2015-02-09","2015","02","09","","-8.8","","-12.1","","-10.5","","28.5","","0.0","","0.0","","0.2","","0.2","","2","","35","","39",""
"2015-02-10","2015","02","10","","-3.7","","-9.2","","-6.5","","24.5","","0.0","","0.0","","2.2","","2.2","","2","","3","","35",""
"2015-02-11","2015","02","11","","-3.8","","-9.9","","-6.9","","24.9","","0.0","","0.0","","3.6","","2.6","","7","","5","","50",""
"2015-02-12","2015","02","12","","-1.9","","-9.1","","-5.5","","23.5","","0.0","","0.0","","31.4","","18.9","","8","","36","","91",""
"2015-02-13","2015","02","13","","0.8","","-5.1","","-2.2","","20.2","","0.0","","0.6","","5.9","","5.4","","38","","27","","96",""
"2015-02-14","2015","02","14","","-3.9","","-9.0","","-6.5","","24.5","","0.0","","0.0","","0.8","","0.4","","39","","27","","87",""
"2015-02-15","2015","02","15","","2.5","","-13.1","","-5.3","","23.3","","0.0","","1.6","","0.0","T","1.6","","38","","12","","82",""
"2015-02-16","2015","02","16","","4.0","","-6.7","","-1.4","","19.4","","0.0","","10.2","","0.6","","10.4","","34","","22","","91",""
"2015-02-17","2015","02","17","","-4.1","","-7.4","","-5.8","","23.8","","0.0","","0.0","","0.0","T","0.0","T","30","","28","","87",""
"2015-02-18","2015","02","18","","-2.8","","-6.7","","-4.8","","22.8","","0.0","","0.0","","8.4","","7.6","","30","","6","","37",""
"2015-02-19","2015","02","19","","-0.5","","-2.9","","-1.7","","19.7","","0.0","","2.3","","1.1","","3.4","","34","","8","","44",""
"2015-02-20","2015","02","20","","7.7","","-2.6","","2.6","","15.4","","0.0","","2.8","","1.6","","3.8","","28","","28","","52",""
"2015-02-21","2015","02","21","","-2.4","","-6.9","","-4.7","","22.7","","0.0","","0.0","","0.6","","0.4","","21","","27","","83",""
"2015-02-22","2015","02","22","","5.3","","-6.5","","-0.6","","18.6","","0.0","","9.6","","1.2","","10.6","","21","","21","","85",""
"2015-02-23","2015","02","23","","4.2","","-2.8","","0.7","","17.3","","0.0","","7.2","","0.0","T","7.2","","12","","24","","52",""
"2015-02-24","2015","02","24","","-1.9","","-12.6","","-7.3","","25.3","","0.0","","0.0","","4.8","","3.6","","12","","27","","85",""
"2015-02-25","2015","02","25","","-1.3","","-13.1","","-7.2","","25.2","","0.0","","0.0","","0.0","T","0.0","T","13","","16","","85",""
"2015-02-26","2015","02","26","","1.3","","-5.9","","-2.3","","20.3","","0.0","","","M","1.4","","","M","13","","28","","95",""
"2015-02-27","2015","02","27","","-3.8","","-11.3","","-7.6","","25.6","","0.0","","0.0","","2.1","","0.8","","15","","28","","61",""
"2015-02-28","2015","02","28","","-7.7","","-12.5","","-10.1","","28.1","","0.0","","0.0","","0.0","","0.0","","15","","27","","67",""
"2015-03-01","2015","03","01","","-2.4","","-11.6","","-7.0","","25.0","","0.0","","0.0","","0.0","T","0.0","T","14","","28","","56",""
"2015-03-02","2015","03","02","","2.8","","-11.6","","-4.4","","22.4","","0.0","","5.2","","9.2","","14.4","","14","","16","","83",""
"2015-03-03","2015","03","03","","-0.3","","-11.9","","-6.1","","24.1","","0.0","","0.2","","0.2","","0.2","","17","","28","","102",""
"2015-03-04","2015","03","04","","3.6","","-12.2","","-4.3","","22.3","","0.0","","0.4","","6.4","","6.2","","17","","28","","91",""
"2015-03-05","2015","03","05","","0.0","","-10.6","","-5.3","","23.3","","0.0","","0.0","","1.2","","0.8","","17","","27","","69",""
"2015-03-06","2015","03","06","","-10.0","","-13.7","","-11.9","","29.9","","0.0","","0.0","","0.0","","0.0","","17","","28","","57",""
"2015-03-07","2015","03","07","","-5.0","","-15.0","","-10.0","","28.0","","0.0","","0.0","","0.0","T","0.0","T","15","","29","","43",""
"2015-03-08","2015","03","08","","-1.5","","-9.1","","-5.3","","23.3","","0.0","","0.0","","0.2","","0.0","T","13","","24","","44",""
"2015-03-09","2015","03","09","","-3.9","","-13.4","","-8.7","","26.7","","0.0","","0.0","","0.0","T","0.0","T","13","","28","","50",""
"2015-03-10","2015","03","10","","-5.4","","-15.7","","-10.6","","28.6","","0.0","","0.0","","0.0","","0.0","","13","","27","","50",""
"2015-03-11","2015","03","11","","3.1","","-11.0","","-4.0","","22.0","","0.0","","8.8","","0.2","","8.8","","13","","17","","87",""
"2015-03-12","2015","03","12","","-0.8","","-11.8","","-6.3","","24.3","","0.0","","0.0","","2.0","","1.4","","6","","29","","93",""
"2015-03-13","2015","03","13","","-11.7","","-15.4","","-13.6","","31.6","","0.0","","0.0","","0.0","T","0.0","T","8","","31","","65",""
"2015-03-14","2015","03","14","","-9.0","","-15.4","","-12.2","","30.2","","0.0","","0.0","","0.0","T","0.0","T","8","","30","","50",""
"2015-03-15","2015","03","15","","-5.0","","-14.8","","-9.9","","27.9","","0.0","","0.0","","7.2","","7.2","","8","","9","","72",""
"2015-03-16","2015","03","16","","-1.0","","-5.1","","-3.1","","21.1","","0.0","","0.8","","30.0","","28.2","","35","","7","","85",""
"2015-03-17","2015","03","17","","0.0","","-2.3","","-1.2","","19.2","","0.0","","0.2","","7.6","","5.2","","41","","29","","59",""
"2015-03-18","2015","03","18","","0.0","","-2.9","","-1.5","","19.5","","0.0","","0.0","","10.2","","4.2","","46","","9","","63",""
"2015-03-19","2015","03","19","","1.2","","-4.8","","-1.8","","19.8","","0.0","","0.0","","7.0","","3.4","","56","","16","","67",""
"2015-03-20","2015","03","20","","-0.1","","-7.6","","-3.9","","21.9","","0.0","","0.0","","0.0","","0.0","","54","","27","","70",""
"2015-03-21","2015","03","21","","0.1","","-10.3","","-5.1","","23.1","","0.0","","0.0","","0.0","","0.0","","53","","14","","43",""
"2015-03-22","2015","03","22","","5.7","","-2.4","","1.7","","16.3","","0.0","","18.0","","0.5","","19.8","","50","","17","","104",""
"2015-03-23","2015","03","23","","-1.9","","-6.4","","-4.2","","22.2","","0.0","","","M","","M","","M","33","","","","<31",""
"2015-03-24","2015","03","24","","0.9","","-6.2","","-2.7","","20.7","","0.0","","0.0","","0.0","","0.0","","33","","26","","69",""
"2015-03-25","2015","03","25","","-1.6","","-5.9","","-3.8","","21.8","","0.0","","0.0","","0.0","","0.0","","28","","26","","32",""
"2015-03-26","2015","03","26","","3.9","","-7.1","","-1.6","","19.6","","0.0","","1.4","","0.2","","1.6","","24","","23","","59",""
"2015-03-27","2015","03","27","","5.2","","0.3","","2.8","","15.2","","0.0","","14.0","","0.0","","14.0","","16","","24","","37",""
"2015-03-28","2015","03","28","","3.4","","-1.9","","0.8","","17.2","","0.0","","3.8","","9.2","","13.0","","11","","6","","37",""
"2015-03-29","2015","03","29","","4.4","","-4.9","","-0.3","","18.3","","0.0","","3.4","","0.0","T","3.4","","16","","31","","67",""
"2015-03-30","2015","03","30","","2.0","","-5.5","","-1.8","","19.8","","0.0","","0.0","","0.0","","0.0","","16","","28","","32",""
"2015-03-31","2015","03","31","","1.1","","-5.7","","-2.3","","20.3","","0.0","","0.0","","0.2","","0.2","","15","","18","","46",""
"2015-04-01","2015","04","01","","4.4","","-1.3","","1.6","","16.4","","0.0","","5.0","","11.4","","16.4","","13","","31","","76",""
"2015-04-02","2015","04","02","","-0.5","","-6.7","","-3.6","","21.6","","0.0","","0.0","","0.2","","0.0","T","12","","30","","82",""
"2015-04-03","2015","04","03","","0.6","","-6.8","","-3.1","","21.1","","0.0","","0.2","","0.4","","0.6","","11","","28","","50",""
"2015-04-04","2015","04","04","","7.8","","-2.2","","2.8","","15.2","","0.0","","5.6","","0.0","T","5.6","","9","","23","","80",""
"2015-04-05","2015","04","05","","6.6","","-6.7","","-0.1","","18.1","","0.0","","0.2","","0.0","","0.2","","4","","23","","104",""
"2015-04-06","2015","04","06","","-1.3","","-7.9","","-4.6","","22.6","","0.0","","0.0","","1.4","","0.6","","5","","28","","70",""
"2015-04-07","2015","04","07","","-0.3","","-9.6","","-5.0","","23.0","","0.0","","0.0","","0.0","T","0.0","T","4","","12","","37",""
"2015-04-08","2015","04","08","","0.5","","-9.6","","-4.6","","22.6","","0.0","","0.0","","2.4","","1.4","","4","","27","","57",""
"2015-04-09","2015","04","09","","-2.4","","-12.2","","-7.3","","25.3","","0.0","","0.0","","0.0","","0.0","","6","","29","","44",""
"2015-04-10","2015","04","10","","-1.2","","-9.3","","-5.3","","23.3","","0.0","","0.0","","0.0","T","0.0","T","4","","18","","65",""
"2015-04-11","2015","04","11","","8.1","","-2.3","","2.9","","15.1","","0.0","","10.2","","0.2","","10.4","","2","","17","","98",""
"2015-04-12","2015","04","12","","3.3","","-3.3","","0.0","","18.0","","0.0","","0.0","","0.6","","0.2","","1","","28","","61",""
"2015-04-13","2015","04","13","","3.2","","-4.1","","-0.5","","18.5","","0.0","","0.0","","0.0","T","0.0","T","1","","26","","54",""
"2015-04-14","2015","04","14","","11.7","","-1.7","","5.0","","13.0","","0.0","","","M","0.0","","","M","1","","23","","76",""
"2015-04-15","2015","04","15","","9.4","","-3.6","","2.9","","15.1","","0.0","","0.0","","0.0","","0.0","","1","","29","","59",""
"2015-04-16","2015","04","16","","-3.4","","-7.1","","-5.3","","23.3","","0.0","","0.0","","0.2","","0.2","","0","","35","","85",""
"2015-04-17","2015","04","17","","4.1","","-7.3","","-1.6","","19.6","","0.0","","0.0","","0.0","","0.0","","0","","33","","57",""
"2015-04-18","2015","04","18","","6.2","","-2.9","","1.7","","16.3","","0.0","","0.0","","0.2","","0.2","","0","","36","","39",""
"2015-04-19","2015","04","19","","-1.2","","-4.2","","-2.7","","20.7","","0.0","","0.0","","0.0","T","0.0","T","0","","4","","44",""
"2015-04-20","2015","04","20","","1.1","","-4.4","","-1.7","","19.7","","0.0","","0.0","","0.0","","0.0","","0","","35","","67",""
"2015-04-21","2015","04","21","","3.1","","-4.5","","-0.7","","18.7","","0.0","","0.0","","0.0","","0.0","","0","","36","","59",""
"2015-04-22","2015","04","22","","3.0","","-3.6","","-0.3","","18.3","","0.0","","0.0","T","0.0","","0.0","T","0","","34","","35",""
"2015-04-23","2015","04","23","","3.5","","-0.8","","1.4","","16.6","","0.0","","0.4","","0.0","","0.4","","0","","","","<31",""
"2015-04-24","2015","04","24","","3.6","","-1.0","","1.3","","16.7","","0.0","","0.4","","0.0","","0.4","","0","","12","","33",""
"2015-04-25","2015","04","25","","5.3","","-0.8","","2.3","","15.7","","0.0","","18.0","","0.0","","18.0","","0","","13","","69",""
"2015-04-26","2015","04","26","","6.2","","0.3","","3.3","","14.7","","0.0","","28.2","","0.0","","28.2","","0","","11","","65",""
"2015-04-27","2015","04","27","","3.8","","-0.3","","1.8","","16.2","","0.0","","27.4","","0.0","","27.4","","","","6","","69",""
"2015-04-28","2015","04","28","","4.3","","-0.1","","2.1","","15.9","","0.0","","4.6","","0.0","","4.6","","","","8","","46",""
"2015-04-29","2015","04","29","","7.3","","-0.6","","3.4","","14.6","","0.0","","6.6","","0.0","","6.6","","","","3","","48",""
"2015-04-30","2015","04","30","","1.4","","0.2","","0.8","","17.2","","0.0","","13.2","","0.0","","13.2","","","","4","","63",""
"2015-05-01","2015","05","01","","2.8","","0.1","","1.5","","16.5","","0.0","","4.6","","0.0","","4.6","","","","3","","52",""
"2015-05-02","2015","05","02","","8.1","","0.2","","4.2","","13.8","","0.0","","0.2","","0.0","","0.2","","","","7","","43",""
"2015-05-03","2015","05","03","","9.0","","2.2","","5.6","","12.4","","0.0","","","M","0.0","","","M","","","","","<31",""
"2015-05-04","2015","05","04","","14.8","","3.1","","9.0","","9.0","","0.0","","0.0","","0.0","","0.0","","","","29","","37",""
"2015-05-05","2015","05","05","","18.3","","2.2","","10.3","","7.7","","0.0","","0.0","","0.0","","0.0","","","","24","","59",""
"2015-05-06","2015","05","06","","12.0","","-0.9","","5.6","","12.4","","0.0","","0.8","","1.2","","2.0","","0","","31","","56",""
"2015-05-07","2015","05","07","","8.5","","-2.0","","3.3","","14.7","","0.0","","0.0","","0.0","T","0.0","T","","","31","","46",""
"2015-05-08","2015","05","08","","1.9","","-2.3","","-0.2","","18.2","","0.0","","0.6","","1.8","","2.0","","1","","36","","70",""
"2015-05-09","2015","05","09","","6.2","","0.3","","3.3","","14.7","","0.0","","1.0","","0.6","","1.6","","","","36","","63",""
"2015-05-10","2015","05","10","","8.0","","0.4","","4.2","","13.8","","0.0","","6.0","","0.0","","6.0","","","","25","","54",""
"2015-05-11","2015","05","11","","8.1","","-2.3","","2.9","","15.1","","0.0","","0.6","","0.0","","0.6","","","","34","","46",""
"2015-05-12","2015","05","12","","11.5","","-1.5","","5.0","","13.0","","0.0","","17.4","","0.0","","17.4","","","","13","","44",""
"2015-05-13","2015","05","13","","8.1","","-0.6","","3.8","","14.2","","0.0","","8.2","","0.0","","8.2","","","","24","","44",""
"2015-05-14","2015","05","14","","9.2","","-0.2","","4.5","","13.5","","0.0","","0.0","","0.0","","0.0","","","","30","","50",""
"2015-05-15","2015","05","15","","17.9","","2.5","","10.2","","7.8","","0.0","","0.0","","0.0","","0.0","","","","27","","59",""
"2015-05-16","2015","05","16","","14.5","","-0.9","","6.8","","11.2","","0.0","","0.0","","0.0","","0.0","","","","26","","33",""
"2015-05-17","2015","05","17","","7.1","","-1.2","","3.0","","15.0","","0.0","","0.0","","0.0","","0.0","","","","","","<31",""
"2015-05-18","2015","05","18","","4.5","","1.9","","3.2","","14.8","","0.0","","4.0","","0.0","","4.0","","","","3","","41",""
"2015-05-19","2015","05","19","","17.4","","2.6","","10.0","","8.0","","0.0","","0.4","","0.0","","0.4","","","","","","<31",""
"2015-05-20","2015","05","20","","16.3","","8.4","","12.4","","5.6","","0.0","","0.0","T","0.0","","0.0","T","","","20","","48",""
"2015-05-21","2015","05","21","","14.5","","4.3","","9.4","","8.6","","0.0","","2.4","","0.0","","2.4","","","","24","","74",""
"2015-05-22","2015","05","22","","17.8","","3.0","","10.4","","7.6","","0.0","","11.6","","0.0","","11.6","","","","14","","76",""
"2015-05-23","2015","05","23","","13.0","","3.8","","8.4","","9.6","","0.0","","2.2","","0.0","","2.2","","","","24","","70",""
"2015-05-24","2015","05","24","","14.5","","2.8","","8.7","","9.3","","0.0","","0.2","","0.0","","0.2","","","","23","","78",""
"2015-05-25","2015","05","25","","19.9","","6.2","","13.1","","4.9","","0.0","","0.0","","0.0","","0.0","","","","24","","69",""
"2015-05-26","2015","05","26","","24.0","","6.4","","15.2","","2.8","","0.0","","4.2","","0.0","","4.2","","","","23","","76",""
"2015-05-27","2015","05","27","","15.2","","7.2","","11.2","","6.8","","0.0","","10.6","","0.0","","10.6","","","","23","","85",""
"2015-05-28","2015","05","28","","16.4","","7.0","","11.7","","6.3","","0.0","","0.0","T","0.0","","0.0","T","","","25","","72",""
"2015-05-29","2015","05","29","","8.4","","1.0","","4.7","","13.3","","0.0","","1.8","","0.0","","1.8","","","","27","","43",""
"2015-05-30","2015","05","30","","18.8","","1.8","","10.3","","7.7","","0.0","","0.2","","0.0","","0.2","","","","25","","67",""
"2015-05-31","2015","05","31","","19.0","","2.8","","10.9","","7.1","","0.0","","0.0","T","0.0","","0.0","T","","","26","","80",""
"2015-06-01","2015","06","01","","6.5","","-1.6","","2.5","","15.5","","0.0","","0.0","","0.0","","0.0","","","","5","","44",""
"2015-06-02","2015","06","02","","10.8","","-1.8","","4.5","","13.5","","0.0","","0.0","","0.0","","0.0","","","","24","","41",""
"2015-06-03","2015","06","03","","11.8","","1.6","","6.7","","11.3","","0.0","","0.0","","0.0","","0.0","","","","11","","32",""
"2015-06-04","2015","06","04","","8.3","","-0.2","","4.1","","13.9","","0.0","","0.0","","0.0","","0.0","","","","5","","41",""
"2015-06-05","2015","06","05","","14.2","","-0.8","","6.7","","11.3","","0.0","","0.0","","0.0","","0.0","","","","16","","46",""
"2015-06-06","2015","06","06","","15.0","","3.4","","9.2","","8.8","","0.0","","2.6","","0.0","","2.6","","","","18","","61",""
"2015-06-07","2015","06","07","","15.6","","2.8","","9.2","","8.8","","0.0","","37.2","","0.0","","37.2","","","","18","","54",""
"2015-06-08","2015","06","08","","11.7","","2.2","","7.0","","11.0","","0.0","","0.0","","0.0","","0.0","","","","36","","41",""
"2015-06-09","2015","06","09","","19.0","","4.3","","11.7","","6.3","","0.0","","0.0","","0.0","","0.0","","","","","","<31",""
"2015-06-10","2015","06","10","","20.1","","5.2","","12.7","","5.3","","0.0","","0.0","T","0.0","","0.0","T","","","17","","41",""
"2015-06-11","2015","06","11","","21.5","","6.8","","14.2","","3.8","","0.0","","1.0","","0.0","","1.0","","","","18","","35",""
"2015-06-12","2015","06","12","","19.9","","11.1","","15.5","","2.5","","0.0","","1.6","","0.0","","1.6","","","","24","","50",""
"2015-06-13","2015","06","13","","13.9","","4.3","","9.1","","8.9","","0.0","","11.6","","0.0","","11.6","","","","35","","50",""
"2015-06-14","2015","06","14","","9.9","","4.3","","7.1","","10.9","","0.0","","4.8","","0.0","","4.8","","","","33","","61",""
"2015-06-15","2015","06","15","","10.4","","3.2","","6.8","","11.2","","0.0","","0.2","","0.0","","0.2","","","","35","","57",""
"2015-06-16","2015","06","16","","16.2","","5.3","","10.8","","7.2","","0.0","","0.0","T","0.0","","0.0","T","","","25","","56",""
"2015-06-17","2015","06","17","","13.1","","4.6","","8.9","","9.1","","0.0","","8.2","","0.0","","8.2","","","","18","","82",""
"2015-06-18","2015","06","18","","23.0","","4.4","","13.7","","4.3","","0.0","","0.0","","0.0","","0.0","","","","23","","56",""
"2015-06-19","2015","06","19","","20.0","","7.4","","13.7","","4.3","","0.0","","2.8","","0.0","","2.8","","","","16","","52",""
"2015-06-20","2015","06","20","","19.4","","8.1","","13.8","","4.2","","0.0","","0.0","","0.0","","0.0","","","","31","","41",""
"2015-06-21","2015","06","21","","20.6","","7.3","","14.0","","4.0","","0.0","","0.0","","0.0","","0.0","","","","27","","43",""
"2015-06-22","2015","06","22","","17.1","","7.1","","12.1","","5.9","","0.0","","6.0","","0.0","","6.0","","","","25","","41",""
"2015-06-23","2015","06","23","","10.4","","3.5","","7.0","","11.0","","0.0","","1.8","","0.0","","1.8","","","","2","","50",""
"2015-06-24","2015","06","24","","9.9","","4.0","","7.0","","11.0","","0.0","","0.0","T","0.0","","0.0","T","","","17","","33",""
"2015-06-25","2015","06","25","","7.6","","5.3","","6.5","","11.5","","0.0","","1.8","","0.0","","1.8","","","","","","<31",""
"2015-06-26","2015","06","26","","9.4","","5.2","","7.3","","10.7","","0.0","","1.4","","0.0","","1.4","","","","","","<31",""
"2015-06-27","2015","06","27","","9.4","","3.6","","6.5","","11.5","","0.0","","0.0","T","0.0","","0.0","T","","","","","<31",""
"2015-06-28","2015","06","28","","22.3","","3.5","","12.9","","5.1","","0.0","","0.0","","0.0","","0.0","","","","25","","54",""
"2015-06-29","2015","06","29","","17.7","","7.6","","12.7","","5.3","","0.0","","1.2","","0.0","","1.2","","","","16","","67",""
"2015-06-30","2015","06","30","","21.3","","8.2","","14.8","","3.2","","0.0","","0.2","","0.0","","0.2","","","","27","","54",""
"2015-07-01","2015","07","01","","19.2","","8.8","","14.0","","4.0","","0.0","","0.0","T","0.0","","0.0","T","","","28","","43",""
"2015-07-02","2015","07","02","","15.4","","7.9","","11.7","","6.3","","0.0","","22.2","","0.0","","22.2","","","","15","","43",""
"2015-07-03","2015","07","03","","25.3","","8.9","","17.1","","0.9","","0.0","","17.0","","0.0","","17.0","","","","33","","43",""
"2015-07-04","2015","07","04","","19.5","","11.2","","15.4","","2.6","","0.0","","0.0","","0.0","","0.0","","","","27","","39",""
"2015-07-05","2015","07","05","","15.5","","8.2","","11.9","","6.1","","0.0","","0.0","T","0.0","","0.0","T","","","","","<31",""
"2015-07-06","2015","07","06","","8.5","","5.7","","7.1","","10.9","","0.0","","7.2","","0.0","","7.2","","","","2","","39",""
"2015-07-07","2015","07","07","","14.4","","5.9","","10.2","","7.8","","0.0","","0.2","","0.0","","0.2","","","","24","","32",""
"2015-07-08","2015","07","08","","19.1","","9.9","","14.5","","3.5","","0.0","","9.2","","0.0","","9.2","","","","25","","59",""
"2015-07-09","2015","07","09","","23.1","","13.8","","18.5","","0.0","","0.5","","8.0","","0.0","","8.0","","","","23","","59",""
"2015-07-10","2015","07","10","","22.2","","7.4","","14.8","","3.2","","0.0","","0.2","","0.0","","0.2","","","","2","","35",""
"2015-07-11","2015","07","11","","10.9","","6.5","","8.7","","9.3","","0.0","","0.2","","0.0","","0.2","","","","36","","37",""
"2015-07-12","2015","07","12","","13.6","","6.3","","10.0","","8.0","","0.0","","2.0","","0.0","","2.0","","","","17","","44",""
"2015-07-13","2015","07","13","","16.5","","8.5","","12.5","","5.5","","0.0","","7.8","","0.0","","7.8","","","","22","","50",""
"2015-07-14","2015","07","14","","20.0","","9.6","","14.8","","3.2","","0.0","","0.0","","0.0","","0.0","","","","26","","32",""
"2015-07-15","2015","07","15","","16.0","","11.1","","13.6","","4.4","","0.0","","21.8","","0.0","","21.8","","","","15","","46",""
"2015-07-16","2015","07","16","","23.8","","13.3","","18.6","","0.0","","0.6","","0.0","","0.0","","0.0","","","","27","","41",""
"2015-07-17","2015","07","17","","18.3","","8.7","","13.5","","4.5","","0.0","","0.0","T","0.0","","0.0","T","","","31","","52",""
"2015-07-18","2015","07","18","","14.8","","7.9","","11.4","","6.6","","0.0","","0.0","T","0.0","","0.0","T","","","32","","57",""
"2015-07-19","2015","07","19","","11.2","","7.7","","9.5","","8.5","","0.0","","0.0","T","0.0","","0.0","T","","","","","<31",""
"2015-07-20","2015","07","20","","11.7","","7.5","","9.6","","8.4","","0.0","","4.4","","0.0","","4.4","","","","9","","41",""
"2015-07-21","2015","07","21","","11.3","","8.1","","9.7","","8.3","","0.0","","9.2","","0.0","","9.2","","","","9","","41",""
"2015-07-22","2015","07","22","","11.7","","8.2","","10.0","","8.0","","0.0","","26.1","","0.0","","26.1","","","","9","","57",""
"2015-07-23","2015","07","23","","18.0","","9.6","","13.8","","4.2","","0.0","","21.4","","0.0","","21.4","","","","27","","78",""
"2015-07-24","2015","07","24","","9.8","","6.3","","8.1","","9.9","","0.0","","3.8","","0.0","","3.8","","","","32","","63",""
"2015-07-25","2015","07","25","","9.7","","5.8","","7.8","","10.2","","0.0","","0.2","","0.0","","0.2","","","","35","","33",""
"2015-07-26","2015","07","26","","10.6","","6.5","","8.6","","9.4","","0.0","","0.0","","0.0","","0.0","","","","","","<31",""
"2015-07-27","2015","07","27","","18.2","","8.4","","13.3","","4.7","","0.0","","0.0","","0.0","","0.0","","","","26","","37",""
"2015-07-28","2015","07","28","","19.5","","7.7","","13.6","","4.4","","0.0","","0.0","","0.0","","0.0","","","","28","","35",""
"2015-07-29","2015","07","29","","16.4","","9.5","","13.0","","5.0","","0.0","","4.8","","0.0","","4.8","","","","10","","52",""
"2015-07-30","2015","07","30","","12.7","","9.1","","10.9","","7.1","","0.0","","14.6","","0.0","","14.6","","","","9","","78",""
"2015-07-31","2015","07","31","","14.0","","9.0","","11.5","","6.5","","0.0","","0.8","","0.0","","0.8","","","","33","","46",""
"2015-08-01","2015","08","01","","14.5","","9.4","","12.0","","6.0","","0.0","","2.6","","0.0","","2.6","","","","15","","41",""
"2015-08-02","2015","08","02","","27.1","","13.9","","20.5","","0.0","","2.5","","0.2","","0.0","","0.2","","","","24","","48",""
"2015-08-03","2015","08","03","","25.5","","13.1","","19.3","","0.0","","1.3","","0.0","","0.0","","0.0","","","","28","","56",""
"2015-08-04","2015","08","04","","22.2","","12.1","","17.2","","0.8","","0.0","","0.0","","0.0","","0.0","","","","15","","33",""
"2015-08-05","2015","08","05","","26.4","","12.1","","19.3","","0.0","","1.3","","0.0","","0.0","","0.0","","","","22","","46",""
"2015-08-06","2015","08","06","","23.0","","14.4","","18.7","","0.0","","0.7","","0.6","","0.0","","0.6","","","","23","","50",""
"2015-08-07","2015","08","07","","24.5","","10.8","","17.7","","0.3","","0.0","","0.0","","0.0","","0.0","","","","24","","59",""
"2015-08-08","2015","08","08","","18.9","","10.5","","14.7","","3.3","","0.0","","0.0","T","0.0","","0.0","T","","","","","<31",""
"2015-08-09","2015","08","09","","12.2","","9.8","","11.0","","7.0","","0.0","","1.4","","0.0","","1.4","","","","6","","39",""
"2015-08-10","2015","08","10","","26.0","","10.6","","18.3","","0.0","","0.3","","13.5","","0.0","","13.5","","","","19","","76",""
"2015-08-11","2015","08","11","","24.4","","11.0","","17.7","","0.3","","0.0","","0.0","T","0.0","","0.0","T","","","27","","48",""
"2015-08-12","2015","08","12","","21.0","","10.2","","15.6","","2.4","","0.0","","2.4","","0.0","","2.4","","","","23","","41",""
"2015-08-13","2015","08","13","","25.4","","20.4","","22.9","","0.0","","4.9","","2.4","","0.0","","2.4","","","","24","","59",""
"2015-08-14","2015","08","14","","22.5","","16.0","","19.3","","0.0","","1.3","","8.4","","0.0","","8.4","","","","23","","52",""
"2015-08-15","2015","08","15","","25.7","","15.3","","20.5","","0.0","","2.5","","0.0","","0.0","","0.0","","","","24","","54",""
"2015-08-16","2015","08","16","","24.9","","16.0","","20.5","","0.0","","2.5","","0.0","","0.0","","0.0","","","","24","","46",""
"2015-08-17","2015","08","17","","21.8","","12.8","","17.3","","0.7","","0.0","","0.0","","0.0","","0.0","","","","26","","46",""
"2015-08-18","2015","08","18","","27.3","","12.9","","20.1","","0.0","","2.1","","0.0","","0.0","","0.0","","","","25","","46",""
"2015-08-19","2015","08","19","","17.4","","12.1","","14.8","","3.2","","0.0","","0.0","","0.0","","0.0","","","","","","<31",""
"2015-08-20","2015","08","20","","18.0","","12.3","","15.2","","2.8","","0.0","","0.0","T","0.0","","0.0","T","","","24","","33",""
"2015-08-21","2015","08","21","","25.2","","14.8","","20.0","","0.0","","2.0","","0.0","T","0.0","","0.0","T","","","26","","57",""
"2015-08-22","2015","08","22","","26.9","","17.5","","22.2","","0.0","","4.2","","0.0","","0.0","","0.0","","","","24","","52",""
"2015-08-23","2015","08","23","","23.4","","18.3","","20.9","","0.0","","2.9","","2.6","","0.0","","2.6","","","","24","","50",""
"2015-08-24","2015","08","24","","21.4","","13.7","","17.6","","0.4","","0.0","","0.6","","0.0","","0.6","","","","12","","32",""
"2015-08-25","2015","08","25","","15.2","","10.4","","12.8","","5.2","","0.0","","1.8","","0.0","","1.8","","","","10","","39",""
"2015-08-26","2015","08","26","","17.7","","10.1","","13.9","","4.1","","0.0","","0.0","","0.0","","0.0","","","","","","<31",""
"2015-08-27","2015","08","27","","22.2","","10.0","","16.1","","1.9","","0.0","","0.0","","0.0","","0.0","","","","26","","41",""
"2015-08-28","2015","08","28","","22.1","","11.4","","16.8","","1.2","","0.0","","12.2","","0.0","","12.2","","","","17","","52",""
"2015-08-29","2015","08","29","","23.7","","13.1","","18.4","","0.0","","0.4","","0.0","","0.0","","0.0","","","","27","","37",""
"2015-08-30","2015","08","30","","23.1","","12.4","","17.8","","0.2","","0.0","","0.0","","0.0","","0.0","","","","23","","35",""
"2015-08-31","2015","08","31","","22.5","","15.5","","19.0","","0.0","","1.0","","0.0","","0.0","","0.0","","","","22","","41",""
"2015-09-01","2015","09","01","","21.1","","10.1","","15.6","","2.4","","0.0","","2.9","","0.0","","2.9","","","","34","","63",""
"2015-09-02","2015","09","02","","11.0","","6.7","","8.9","","9.1","","0.0","","0.7","","0.0","","0.7","","","","34","","57",""
"2015-09-03","2015","09","03","","22.4","","8.6","","15.5","","2.5","","0.0","","0.0","T","0.0","","0.0","T","","","23","","48",""
"2015-09-04","2015","09","04","","15.2","","6.6","","10.9","","7.1","","0.0","","0.0","","0.0","","0.0","","","","29","","52",""
"2015-09-05","2015","09","05","","16.8","","6.3","","11.6","","6.4","","0.0","","0.4","","0.0","","0.4","","","","25","","65",""
"2015-09-06","2015","09","06","","16.7","","5.5","","11.1","","6.9","","0.0","","0.0","","0.0","","0.0","","","","28","","43",""
"2015-09-07","2015","09","07","","23.3","","9.9","","16.6","","1.4","","0.0","","4.0","","0.0","","4.0","","","","24","","72",""
"2015-09-08","2015","09","08","","11.8","","2.2","","7.0","","11.0","","0.0","","2.4","","0.0","","2.4","","","","3","","46",""
"2015-09-09","2015","09","09","","14.8","","1.7","","8.3","","9.7","","0.0","","0.0","","0.0","","0.0","","","","19","","35",""
"2015-09-10","2015","09","10","","22.0","","12.0","","17.0","","1.0","","0.0","","0.2","","0.0","","0.2","","","","27","","54",""
"2015-09-11","2015","09","11","","22.1","","12.1","","17.1","","0.9","","0.0","","0.4","","0.0","","0.4","","","","24","","37",""
"2015-09-12","2015","09","12","","15.5","","11.7","","13.6","","4.4","","0.0","","5.2","","0.0","","5.2","","","","7","","41",""
"2015-09-13","2015","09","13","","25.5","","11.4","","18.5","","0.0","","0.5","","0.0","T","0.0","","0.0","T","","","34","","41",""
"2015-09-14","2015","09","14","","17.2","","10.7","","14.0","","4.0","","0.0","","15.8","","0.0","","15.8","","","","14","","50",""
"2015-09-15","2015","09","15","","18.7","","12.3","","15.5","","2.5","","0.0","","67.0","","0.0","","67.0","","","","14","","46",""
"2015-09-16","2015","09","16","","14.2","","6.8","","10.5","","7.5","","0.0","","23.6","","0.0","","23.6","","","","32","","85",""
"2015-09-17","2015","09","17","","15.2","","6.6","","10.9","","7.1","","0.0","","0.8","","0.0","","0.8","","","","33","","70",""
"2015-09-18","2015","09","18","","15.3","","4.8","","10.1","","7.9","","0.0","","0.6","","0.0","","0.6","","","","2","","35",""
"2015-09-19","2015","09","19","","22.8","","5.5","","14.2","","3.8","","0.0","","0.0","T","0.0","","0.0","T","","","23","","43",""
"2015-09-20","2015","09","20","","22.5","","13.1","","17.8","","0.2","","0.0","","0.0","","0.0","","0.0","","","","24","","54",""
"2015-09-21","2015","09","21","","19.0","","6.2","","12.6","","5.4","","0.0","","35.3","","0.0","","35.3","","","","20","","50",""
"2015-09-22","2015","09","22","","14.9","","4.6","","9.8","","8.2","","0.0","","0.0","","0.0","","0.0","","","","7","","43",""
"2015-09-23","2015","09","23","","20.3","","4.2","","12.3","","5.7","","0.0","","0.0","","0.0","","0.0","","","","25","","41",""
"2015-09-24","2015","09","24","","20.1","","7.3","","13.7","","4.3","","0.0","","0.0","","0.0","","0.0","","","","28","","44",""
"2015-09-25","2015","09","25","","12.6","","3.5","","8.1","","9.9","","0.0","","0.0","","0.0","","0.0","","","","29","","67",""
"2015-09-26","2015","09","26","","9.7","","1.3","","5.5","","12.5","","0.0","","3.4","","0.2","","3.6","","","","30","","52",""
"2015-09-27","2015","09","27","","12.1","","1.0","","6.6","","11.4","","0.0","","0.5","","0.0","","0.5","","","","26","","63",""
"2015-09-28","2015","09","28","","18.6","","12.1","","15.4","","2.6","","0.0","","0.0","","0.0","","0.0","","","","26","","74",""
"2015-09-29","2015","09","29","","23.0","","12.3","","17.7","","0.3","","0.0","","0.0","","0.0","","0.0","","","","27","","50",""
"2015-09-30","2015","09","30","","23.6","","14.4","","19.0","","0.0","","1.0","","0.0","","0.0","","0.0","","","","24","","44",""
"2015-10-01","2015","10","01","","22.8","","15.8","","19.3","","0.0","","1.3","","0.2","","0.0","","0.2","","","","23","","48",""
"2015-10-02","2015","10","02","","16.9","","5.8","","11.4","","6.6","","0.0","","19.6","","0.0","","19.6","","","","23","","52",""
"2015-10-03","2015","10","03","","6.6","","4.5","","5.6","","12.4","","0.0","","0.2","","0.0","","0.2","","","","36","","48",""
"2015-10-04","2015","10","04","","8.0","","1.6","","4.8","","13.2","","0.0","","0.0","","0.0","","0.0","","","","35","","52",""
"2015-10-05","2015","10","05","","14.7","","2.4","","8.6","","9.4","","0.0","","0.0","","0.0","","0.0","","","","26","","39",""
"2015-10-06","2015","10","06","","17.3","","6.6","","12.0","","6.0","","0.0","","0.0","","0.0","","0.0","","","","28","","41",""
"2015-10-07","2015","10","07","","9.9","","6.6","","8.3","","9.7","","0.0","","0.4","","0.0","","0.4","","","","","","<31",""
"2015-10-08","2015","10","08","","15.9","","5.1","","10.5","","7.5","","0.0","","0.4","","0.0","","0.4","","","","24","","44",""
"2015-10-09","2015","10","09","","11.2","","3.7","","7.5","","10.5","","0.0","","0.0","","0.0","","0.0","","","","27","","37",""
"2015-10-10","2015","10","10","","14.9","","3.1","","9.0","","9.0","","0.0","","16.0","","0.0","","16.0","","","","17","","95",""
"2015-10-11","2015","10","11","","9.2","","2.8","","6.0","","12.0","","0.0","","0.0","","0.0","","0.0","","","","28","","72",""
"2015-10-12","2015","10","12","","13.4","","5.2","","9.3","","8.7","","0.0","","2.4","","0.0","","2.4","","","","24","","46",""
"2015-10-13","2015","10","13","","16.0","","7.2","","11.6","","6.4","","0.0","","8.0","","0.0","","8.0","","","","15","","56",""
"2015-10-14","2015","10","14","","23.7","","11.8","","17.8","","0.2","","0.0","","1.0","","0.0","","1.0","","","","22","","54",""
"2015-10-15","2015","10","15","","18.5","","8.6","","13.6","","4.4","","0.0","","2.8","","0.0","","2.8","","","","16","","37",""
"2015-10-16","2015","10","16","","11.0","","3.2","","7.1","","10.9","","0.0","","0.4","","0.0","","0.4","","","","17","","35",""
"2015-10-17","2015","10","17","","12.9","","2.0","","7.5","","10.5","","0.0","","11.0","","0.0","","11.0","","","","24","","46",""
"2015-10-18","2015","10","18","","11.4","","0.8","","6.1","","11.9","","0.0","","5.7","","0.0","","5.7","","","","27","","57",""
"2015-10-19","2015","10","19","","6.7","","2.7","","4.7","","13.3","","0.0","","0.0","","0.0","","0.0","","","","28","","50",""
"2015-10-20","2015","10","20","","10.8","","2.5","","6.7","","11.3","","0.0","","3.0","","0.0","","3.0","","","","21","","63",""
"2015-10-21","2015","10","21","","10.6","","2.6","","6.6","","11.4","","0.0","","1.2","","0.0","","1.2","","","","29","","63",""
"2015-10-22","2015","10","22","","7.6","","2.1","","4.9","","13.1","","0.0","","0.0","","0.0","","0.0","","","","30","","54",""
"2015-10-23","2015","10","23","","13.4","","3.5","","8.5","","9.5","","0.0","","9.4","","0.0","","9.4","","","","18","","65",""
"2015-10-24","2015","10","24","","4.1","","-0.9","","1.6","","16.4","","0.0","","2.6","","0.0","","2.6","","","","33","","61",""
"2015-10-25","2015","10","25","","10.1","","-0.6","","4.8","","13.2","","0.0","","0.0","","0.0","","0.0","","","","18","","50",""
"2015-10-26","2015","10","26","","14.8","","0.6","","7.7","","10.3","","0.0","","4.7","","0.0","","4.7","","","","34","","59",""
"2015-10-27","2015","10","27","","2.8","","-0.9","","1.0","","17.0","","0.0","","0.0","","1.0","","1.4","","1","","29","","61",""
"2015-10-28","2015","10","28","","3.9","","-0.5","","1.7","","16.3","","0.0","","0.0","","0.0","","0.0","","","","30","","72",""
"2015-10-29","2015","10","29","","13.7","","-1.6","","6.1","","11.9","","0.0","","9.6","","0.0","","9.6","","","","18","","83",""
"2015-10-30","2015","10","30","","16.8","","5.0","","10.9","","7.1","","0.0","","11.4","","0.0","","11.4","","","","25","","78",""
"2015-10-31","2015","10","31","","6.1","","2.7","","4.4","","13.6","","0.0","","0.2","","0.0","","0.2","","","","28","","82",""
"2015-11-01","2015","11","01","","7.4","","1.5","","4.5","","13.5","","0.0","","2.4","","0.0","","2.4","","","","30","","43",""
"2015-11-02","2015","11","02","","11.9","","2.1","","7.0","","11.0","","0.0","","23.0","","0.0","","23.0","","","","27","","87",""
"2015-11-03","2015","11","03","","2.6","","-1.6","","0.5","","17.5","","0.0","","0.3","","1.6","","2.5","","","","34","","52",""
"2015-11-04","2015","11","04","","1.4","","-1.7","","-0.2","","18.2","","0.0","","0.0","","0.4","","0.0","T","1","","34","","37",""
"2015-11-05","2015","11","05","","1.5","","-2.2","","-0.4","","18.4","","0.0","","","M","4.9","","4.9","","2","","31","","54",""
"2015-11-06","2015","11","06","","6.9","","-1.1","","2.9","","15.1","","0.0","","0.2","","1.0","","1.0","","","","19","","69",""
"2015-11-07","2015","11","07","","13.0","","4.0","","8.5","","9.5","","0.0","","0.4","","0.0","","0.4","","","","26","","87",""
"2015-11-08","2015","11","08","","6.0","","0.5","","3.3","","14.7","","0.0","","0.0","","0.0","","0.0","","","","28","","93",""
"2015-11-09","2015","11","09","","2.8","","0.0","","1.4","","16.6","","0.0","","0.0","","0.0","","0.0","","","","28","","78",""
"2015-11-10","2015","11","10","","6.5","","-1.4","","2.6","","15.4","","0.0","","2.0","","0.0","","2.0","","","","30","","57",""
"2015-11-11","2015","11","11","","2.7","","-3.8","","-0.6","","18.6","","0.0","","0.0","","0.0","","0.0","","","","","","<31",""
"2015-11-12","2015","11","12","","1.4","","-2.0","","-0.3","","18.3","","0.0","","0.0","","0.0","","0.0","","","","6","","43",""
"2015-11-13","2015","11","13","","3.9","","0.3","","2.1","","15.9","","0.0","","2.0","","0.0","","2.0","","","","8","","41",""
"2015-11-14","2015","11","14","","4.8","","3.7","","4.3","","13.7","","0.0","","24.0","","0.0","","24.0","","","","12","","57",""
"2015-11-15","2015","11","15","","5.1","","0.6","","2.9","","15.1","","0.0","","4.6","","4.2","","8.8","","","","30","","59",""
"2015-11-16","2015","11","16","","1.6","","0.3","","1.0","","17.0","","0.0","","","M","12.6","","11.6","","1","","29","","70",""
"2015-11-17","2015","11","17","","2.7","","0.2","","1.5","","16.5","","0.0","","0.2","","0.0","","0.2","","","","34","","65",""
"2015-11-18","2015","11","18","","1.4","","-1.0","","0.2","","17.8","","0.0","","","M","2.0","","1.0","","0","","36","","44",""
"2015-11-19","2015","11","19","","0.7","","-0.9","","-0.1","","18.1","","0.0","","0.6","","1.0","","1.2","","1","","36","","37",""
"2015-11-20","2015","11","20","","3.3","","-0.7","","1.3","","16.7","","0.0","","0.6","","0.2","","0.8","","0","","6","","37",""
"2015-11-21","2015","11","21","","3.1","","-1.8","","0.7","","17.3","","0.0","","0.0","","0.0","","0.0","","","","6","","37",""
"2015-11-22","2015","11","22","","7.2","","-2.0","","2.6","","15.4","","0.0","","0.0","","0.0","","0.0","","","","17","","63",""
"2015-11-23","2015","11","23","","8.0","","2.0","","5.0","","13.0","","0.0","","0.0","","0.0","","0.0","","","","17","","67",""
"2015-11-24","2015","11","24","","9.8","","0.9","","5.4","","12.6","","0.0","","1.8","","0.0","","1.8","","","","18","","67",""
"2015-11-25","2015","11","25","","1.8","","-2.6","","-0.4","","18.4","","0.0","","0.0","","2.5","","2.2","","2","","28","","52",""
"2015-11-26","2015","11","26","","2.3","","-4.1","","-0.9","","18.9","","0.0","","0.0","","0.0","","0.0","","","","24","","72",""
"2015-11-27","2015","11","27","","10.0","","2.2","","6.1","","11.9","","0.0","","0.0","","0.0","","0.0","","","","24","","87",""
"2015-11-28","2015","11","28","","9.8","","-0.4","","4.7","","13.3","","0.0","","2.0","","3.0","","5.0","","0","","24","","85",""
"2015-11-29","2015","11","29","","0.6","","-5.2","","-2.3","","20.3","","0.0","","","M","6.0","","1.2","","2","","36","","39",""
"2015-11-30","2015","11","30","","-5.1","","-9.0","","-7.1","","25.1","","0.0","","0.0","","1.4","","0.6","","7","","32","","54",""
"2015-12-01","2015","12","01","","-0.5","","-8.7","","-4.6","","22.6","","0.0","","0.0","","0.8","","0.4","","6","","27","","50",""
"2015-12-02","2015","12","02","","6.4","","-0.9","","2.8","","15.2","","0.0","","0.0","","0.0","","0.0","","6","","24","","82",""
"2015-12-03","2015","12","03","","11.5","","-2.8","","4.4","","13.6","","0.0","","6.2","","1.2","","7.4","","0","","25","","67",""
"2015-12-04","2015","12","04","","-2.5","","-5.6","","-4.1","","22.1","","0.0","","0.0","","28.5","","20.8","","4","","7","","72",""
"2015-12-05","2015","12","05","","-0.5","","-6.2","","-3.4","","21.4","","0.0","","0.0","","0.0","T","0.0","T","29","","32","","72",""
"2015-12-06","2015","12","06","","1.6","","-6.6","","-2.5","","20.5","","0.0","","0.0","T","0.0","","0.0","T","28","","27","","59",""
"2015-12-07","2015","12","07","","3.5","","1.4","","2.5","","15.5","","0.0","","0.0","","0.0","","0.0","","25","","27","","67",""
"2015-12-08","2015","12","08","","2.2","","-2.1","","0.1","","17.9","","0.0","","0.0","T","0.0","","0.0","T","20","","29","","44",""
"2015-12-09","2015","12","09","","-0.7","","-2.3","","-1.5","","19.5","","0.0","","0.0","","0.0","","0.0","","11","","6","","48",""
"2015-12-10","2015","12","10","","1.4","","-1.1","","0.2","","17.8","","0.0","","0.0","T","0.0","","0.0","T","7","","14","","35",""
"2015-12-11","2015","12","11","","4.4","","1.3","","2.9","","15.1","","0.0","","1.6","","0.0","","1.6","","7","","19","","35",""
"2015-12-12","2015","12","12","","6.0","","3.5","","4.8","","13.2","","0.0","","9.0","","0.0","","9.0","","1","","18","","69",""
"2015-12-13","2015","12","13","","4.5","","-1.7","","1.4","","16.6","","0.0","","0.0","","0.0","T","0.0","T","0","","31","","57",""
"2015-12-14","2015","12","14","","-0.5","","-2.4","","-1.5","","19.5","","0.0","","0.5","","1.5","","1.5","","1","","32","","87",""
"2015-12-15","2015","12","15","","-0.5","","-1.8","","-1.2","","19.2","","0.0","","1.2","","0.0","T","1.2","","1","","36","","65",""
"2015-12-16","2015","12","16","","-0.6","","-2.1","","-1.4","","19.4","","0.0","","0.0","","0.2","","0.2","","1","","35","","67",""
"2015-12-17","2015","12","17","","-1.8","","-7.8","","-4.8","","22.8","","0.0","","0.0","","1.2","","0.6","","2","","34","","63",""
"2015-12-18","2015","12","18","","2.2","","-7.0","","-2.4","","20.4","","0.0","","7.6","","0.4","","8.0","","2","","14","","63",""
"2015-12-19","2015","12","19","","11.7","","0.1","","5.9","","12.1","","0.0","","2.6","","0.0","","2.6","","","","24","","115",""
"2015-12-20","2015","12","20","","0.4","","-2.8","","-1.2","","19.2","","0.0","","0.2","","0.0","T","0.2","","0","","27","","98",""
"2015-12-21","2015","12","21","","-0.3","","-2.8","","-1.6","","19.6","","0.0","","0.0","","7.0","","4.4","","0","","30","","82",""
"2015-12-22","2015","12","22","","-1.1","","-11.8","","-6.5","","24.5","","0.0","","0.0","","9.2","","7.8","","16","","36","","44",""
"2015-12-23","2015","12","23","","-3.9","","-12.4","","-8.2","","26.2","","0.0","","0.0","","0.0","","0.0","","16","","33","","32",""
"2015-12-24","2015","12","24","","1.0","","-7.1","","-3.1","","21.1","","0.0","","0.0","T","0.0","","0.0","T","16","","18","","89",""
"2015-12-25","2015","12","25","","6.8","","-0.2","","3.3","","14.7","","0.0","","0.4","","0.0","","0.4","","5","","19","","91",""
"2015-12-26","2015","12","26","","1.0","","-2.8","","-0.9","","18.9","","0.0","","0.0","","0.0","T","0.0","T","0","","28","","72",""
"2015-12-27","2015","12","27","","-1.9","","-6.4","","-4.2","","22.2","","0.0","","0.0","","0.0","T","0.0","T","0","","28","","76",""
"2015-12-28","2015","12","28","","-6.1","","-11.5","","-8.8","","26.8","","0.0","","0.0","","0.0","T","0.0","T","0","","31","","93",""
"2015-12-29","2015","12","29","","-7.5","","-12.1","","-9.8","","27.8","","0.0","","0.0","","0.0","","0.0","","0","","32","","85",""
"2015-12-30","2015","12","30","","-6.3","","-11.2","","-8.8","","26.8","","0.0","","0.0","","0.4","","0.2","","0","","28","","41",""
"2015-12-31","2015","12","31","","-1.9","","-10.3","","-6.1","","24.1","","0.0","","0.0","","4.2","","3.2","","0","","29","","43",""
